2021_FED_NUM,2021_ED_NAMEE,2021_SHAPE_area,2023_FED_NUM,2023_ED_NAMEE,2023_POP_CNT,2023_PROV,2023_Shape_area,Intersect_Area,2021_POP_CNT
24065,Marc-Aurèle-Fortin,57576331.58250000328,24045,Marc-Aurèle-Fortin,104636,QC,57576331.95019999892,55934947.260,104636
24066,Saint-Hyacinthe--Bagot,1948975710.93000006676,24066,Saint-Hyacinthe—Bagot—Acton,105086,QC,1949182949.15000009537,1894367173.000,105086
24067,Saint-Jean,734289253.59800004959,24067,Saint-Jean,114617,QC,734289244.08000004292,711045031.300,114617
24069,Saint-Léonard--Saint-Michel,20862775.51550000161,24069,Saint-Léonard—Saint-Michel,112922,QC,19802232.34079999849,19234240.320,115553
24069,Saint-Léonard--Saint-Michel,20862775.51550000161,24026,Hochelaga—Rosemont-Est,110039,QC,24252693.54490000010,153059.680,115553
24069,Saint-Léonard--Saint-Michel,20862775.51550000161,24027,Honoré-Mercier,105434,QC,44887867.47070000321,877247.193,115553
24070,Saint-Maurice--Champlain,38967283906.59999847412,24070,Saint-Maurice—Champlain,111997,QC,38967283904.09999847412,38592965246.000,111997
24071,Salaberry--Suroît,2467802824.48999977112,24007,Beauharnois—Salaberry—Soulanges—Huntingdon,118474,QC,1987219357.83999991417,1826452958.000,119351
24071,Salaberry--Suroît,2467802824.48999977112,24017,Châteauguay—Les Jardins-de-Napierville,114947,QC,1553493859.57999992371,561145428.800,119351
59011,Delta,408524023.68400001526,59011,Delta,117734,BC,412118036.33399999142,408765528.600,110721
59012,Fleetwood--Port Kells,74078499.74099999666,59013,Fleetwood—Port Kells,117423,BC,53364065.24419999868,45401749.180,124987
59012,Fleetwood--Port Kells,74078499.74099999666,59017,Langley Township—Fraser Heights,117251,BC,210880510.50199997425,28776263.840,124987
10001,Avalon,9806182261.01000022888,10001,Avalon,81781,NL,8020015694.22000026703,7408622593.000,87191
10001,Avalon,9806182261.01000022888,10007,Terra Nova—The Peninsulas,76121,NL,37814404515.00000000000,2218147253.000,87191
10005,Long Range Mountains,57529814113.90000152588,10005,Long Range Mountains,81795,NL,57889445924.30000305176,57556625872.000,81716
10002,Bonavista--Burin--Trinity,35617478235.00000000000,10003,Central Newfoundland,74122,NL,57534818563.59999847412,179198135.600,71898
10002,Bonavista--Burin--Trinity,35617478235.00000000000,10007,Terra Nova—The Peninsulas,76121,NL,37814404515.00000000000,35154347732.000,71898
10003,Coast of Bays--Central--Notre Dame,57335896593.50000000000,10003,Central Newfoundland,74122,NL,57534818563.59999847412,57127665044.000,74201
10004,Labrador,334529296021.00000000000,10004,Labrador,26655,NL,334056287754.00000000000,34567216345.000,26655
10006,St. John's East,975515529.50399994850,10001,Avalon,81781,NL,8020015694.22000026703,17277502.690,87345
10006,St. John's East,975515529.50399994850,10006,St. John's East,85038,NL,905358984.22399997711,888191703.800,87345
10006,St. John's East,975515529.50399994850,10007,Terra Nova—The Peninsulas,76121,NL,37814404515.00000000000,56262728.710,87345
10007,St. John's South--Mount Pearl,621422511.80400002003,10001,Avalon,81781,NL,8020015694.22000026703,445207209.900,81544
10007,St. John's South--Mount Pearl,621422511.80400002003,10002,Cape Spear,85038,NL,195273840.91999998689,160803293.300,81544
10007,St. John's South--Mount Pearl,621422511.80400002003,10006,St. John's East,85038,NL,905358984.22399997711,7558492.645,81544
24001,Abitibi--Baie-James--Nunavik--Eeyou,858585391830.00000000000,24001,Abitibi—Baie-James—Nunavik—Eeyou,89087,QC,858585391817.00000000000,89119456432.000,89087
24002,Abitibi--Témiscamingue,37660077948.40000152588,24002,Abitibi—Témiscamingue,103735,QC,37659879005.40000152588,37289444575.000,103735
24072,Shefford,1433742150.71000003815,24071,Shefford,115924,QC,1433534916.06999993324,1390429831.000,115924
24068,Saint-Laurent,44253828.66719999909,24068,Saint-Laurent,108763,QC,45314589.94749999791,42951133.500,102104
24073,Sherbrooke,104815699.98199997842,24019,Compton—Stanstead,113282,QC,4814804735.32999992371,3323279.399,119038
24073,Sherbrooke,104815699.98199997842,24072,Sherbrooke,116844,QC,101802526.53300000727,98319583.200,119038
24003,Ahuntsic-Cartierville,25064080.50239999965,24068,Saint-Laurent,108763,QC,45314589.94749999791,1029857.090,118170
24003,Ahuntsic-Cartierville,25064080.50239999965,24003,Ahuntsic-Cartierville,111511,QC,24003320.32330000028,23306095.440,118170
24004,Alfred-Pellan,125947804.25200000405,24004,Alfred-Pellan,113173,QC,128967253.71899999678,122409778.200,102020
24005,Argenteuil--La Petite-Nation,5508817522.35999965668,24039,Les Pays-d'en-Haut,106834,QC,1804086699.91000008583,646715484.700,102311
24005,Argenteuil--La Petite-Nation,5508817522.35999965668,24005,Argenteuil—La Petite-Nation,108903,QC,5404881265.85999965668,4715437231.000,102311
24006,Avignon--La Mitis--Matane--Matapédia,18215460786.70000076294,24062,Rimouski—La Matapédia,102019,QC,14002079315.29999923706,8655221676.000,70253
24006,Avignon--La Mitis--Matane--Matapédia,18215460786.70000076294,24024,Gaspésie—Les Îles-de-la-Madeleine—Listuguj,110225,QC,28587156992.09999847412,9488834336.000,70253
24007,Beauce,4244243159.84000015259,24006,Beauce,111034,QC,4244243161.43999958038,4144188698.000,111034
24009,Bécancour--Nicolet--Saurel,3131636316.80000019073,24009,Bécancour—Nicolet—Saurel—Alnôbak,96439,QC,3131636317.57000064850,3058785634.000,96439
24010,Bellechasse--Les Etchemins--Lévis,3355637777.23000049591,24010,Bellechasse—Les Etchemins—Lévis,111737,QC,3344614818.69999980927,3278343388.000,120179
24011,Beloeil--Chambly,402898340.11099994183,24049,Mont-Saint-Bruno—L’Acadie,111323,QC,214742550.62200000882,55813133.950,125359
24011,Beloeil--Chambly,402898340.11099994183,24011,Beloeil—Chambly,114551,QC,345363049.00900000334,335158569.700,125359
24012,Berthier--Maskinongé,4639094999.84000015259,24012,Berthier—Maskinongé,108640,QC,4695300029.86999988556,4539668587.000,105280
24014,Pierre-Boucher--Les Patriotes--Verchères,779349587.58500003815,24055,Pierre-Boucher—Les Patriotes—Verchères,103020,QC,779349587.41199994087,757932500.200,103020
35074,Oshawa,85414680.04799999297,35078,Oshawa,131067,ON,85414680.04839999974,81617794.000,131067
24076,Trois-Rivières,145263220.33399999142,24075,Trois-Rivières,114064,QC,145263218.60100001097,142095806.900,114064
35073,Oakville North--Burlington,92021515.08820000291,35075,Oakville East,108735,ON,81151627.77500000596,35136677.570,148936
35073,Oakville North--Burlington,92021515.08820000291,35076,Oakville West,105024,ON,81128785.12190000713,25728135.240,148936
35073,Oakville North--Burlington,92021515.08820000291,35018,Burlington North—Milton West,125575,ON,397304472.40700000525,26676148.400,148936
24008,Beauport--Limoilou,42352246.11219999939,24008,Beauport—Limoilou,113598,QC,54836295.45560000837,41611477.560,96064
24015,Bourassa,16191027.92390000075,24013,Bourassa,105637,QC,16191026.55570000038,15729088.470,105637
24016,Brome--Missisquoi,3033699714.19000005722,24014,Brome—Missisquoi,113913,QC,3033699716.15999984741,2935546070.000,113913
24017,Brossard--Saint-Lambert,65307073.92230000347,24015,Brossard—Saint-Lambert,114286,QC,65307073.23430000991,63358730.940,114286
24018,Rimouski-Neigette--Témiscouata--Les Basques,9411832188.56999969482,24062,Rimouski—La Matapédia,102019,QC,14002079315.29999923706,5275466702.000,85556
24018,Rimouski-Neigette--Témiscouata--Les Basques,9411832188.56999969482,24020,Côte-du-Sud—Rivière-du-Loup—Kataskomiq—Témiscouata,116216,QC,13479775541.00000190735,4058187202.000,85556
24020,Beauport--Côte-de-Beaupré--Île d’Orléans--Charlevoix,13227226477.10000038147,24051,Montmorency—Charlevoix,101119,QC,13397364505.79999923706,13070402536.000,95736
24021,Châteauguay--Lacolle,973791726.59399998188,24017,Châteauguay—Les Jardins-de-Napierville,114947,QC,1553493859.57999992371,941888813.300,105111
24022,Chicoutimi--Le Fjord,2819610386.98000001907,24018,Chicoutimi—Le Fjord,92460,QC,3988518759.38000059128,2801845025.000,80593
24023,Compton--Stanstead,4811791558.11999988556,24019,Compton—Stanstead,113282,QC,4814804735.32999992371,4663010370.000,111088
24025,Drummond,1669833247.78999996185,24023,Drummond,107967,QC,1669833248.50999975204,1626054970.000,107967
24077,Ville-Marie--Le Sud-Ouest--Île-des-Soeurs,39174282.34989999980,24037,Laurier—Sainte-Marie,115704,QC,20758551.71279999986,10471230.320,134555
24077,Ville-Marie--Le Sud-Ouest--Île-des-Soeurs,39174282.34989999980,24052,Notre-Dame-de-Grâce—Westmount,111377,QC,17366828.22890000045,1141045.887,134555
24077,Ville-Marie--Le Sud-Ouest--Île-des-Soeurs,39174282.34989999980,24077,Ville-Marie—Le Sud-Ouest—Île-des-Soeurs,114364,QC,27210699.40709999949,26403757.790,134555
24078,Vimy,36518280.13260000199,24078,Vimy,108773,QC,33498830.31700000167,32531330.480,119926
24078,Vimy,36518280.13260000199,24004,Alfred-Pellan,113173,QC,128967253.71899999678,2932526.537,119926
59021,North Vancouver,353111824.88099998236,59003,Burnaby North—Seymour,119311,BC,155666955.12999999523,30844145.810,123025
59021,North Vancouver,353111824.88099998236,59022,North Vancouver—Capilano,116055,BC,330197621.04000002146,323458689.800,123025
48019,Edmonton Strathcona,79840070.85780000687,48022,Edmonton Strathcona,111556,AB,83822629.70450000465,81023787.600,102188
48019,Edmonton Strathcona,79840070.85780000687,48017,Edmonton Griesbach,111126,AB,45160282.39320000261,1156788.246,102188
48020,Edmonton West,105389659.97699999809,48019,Edmonton Northwest,112964,AB,102762508.02300000191,43806298.810,134194
48020,Edmonton West,105389659.97699999809,48023,Edmonton West,112943,AB,75241977.34379999340,60299032.380,134194
48020,Edmonton West,105389659.97699999809,48015,Edmonton Centre,115160,AB,45535399.40810000151,4307491.982,134194
48021,Edmonton--Wetaskiwin,4945227771.86999988556,48020,Edmonton Riverbend,111578,AB,122716648.79499998689,82920076.160,209431
48021,Edmonton--Wetaskiwin,4945227771.86999988556,48021,Edmonton Southeast,113208,AB,69922701.76019999385,39624409.240,209431
48021,Edmonton--Wetaskiwin,4945227771.86999988556,48028,Leduc—Wetaskiwin,114237,AB,6182037753.10999965668,4920900376.000,209431
48021,Edmonton--Wetaskiwin,4945227771.86999988556,48016,Edmonton Gateway,110184,AB,63153924.03459999710,39975742.310,209431
24024,Dorval--Lachine--LaSalle,67662759.86300000548,24035,LaSalle—Émard—Verdun,112298,QC,37585060.54020000249,1179720.210,119395
24024,Dorval--Lachine--LaSalle,67662759.86300000548,24022,Dorval—Lachine—LaSalle,114661,QC,66437258.45920000225,64449417.500,119395
24019,Charlesbourg--Haute-Saint-Charles,117542963.96700000763,24051,Montmorency—Charlevoix,101119,QC,13397364505.79999923706,2874471.220,109690
24019,Charlesbourg--Haute-Saint-Charles,117542963.96700000763,24008,Beauport—Limoilou,113598,QC,54836295.45560000837,3050592.612,109690
24019,Charlesbourg--Haute-Saint-Charles,117542963.96700000763,24016,Charlesbourg—Haute-Saint-Charles,113308,QC,124501407.56700000167,109596881.400,109690
35075,Ottawa Centre,38520975.57240000367,35079,Ottawa Centre,126560,ON,41978012.49899999797,32179080.830,126360
35075,Ottawa Centre,38520975.57240000367,35082,Ottawa West—Nepean,128592,ON,60665238.48269999772,5171958.894,126360
35120,York South--Weston,26222120.80490000546,35022,Davenport,125048,ON,15349833.11999999918,1624814.678,116757
35120,York South--Weston,26222120.80490000546,35105,Taiaiako'n—Parkdale—High Park,117873,ON,19680969.52430000156,2278595.029,116757
35120,York South--Weston,26222120.80490000546,35122,York South—Weston—Etobicoke,111369,ON,25076224.41019999608,21105200.250,116757
59022,Pitt Meadows--Maple Ridge,2140661523.63000011444,59024,Pitt Meadows—Maple Ridge,116916,BC,2358643488.55000019073,2149795651.000,110416
59024,Prince George--Peace River--Northern Rockies,243272494152.00000000000,59026,Prince George—Peace River—Northern Rockies,116962,BC,243277306530.00000000000,25472713652.000,108998
35111,Vaughan--Woodbridge,84214606.52560000122,35047,King—Vaughan,124401,ON,485245013.88899999857,793756.299,106810
35111,Vaughan--Woodbridge,84214606.52560000122,35113,Vaughan—Woodbridge,121705,ON,92268097.63899999857,79607519.000,106810
35112,Waterloo,78023827.26759999990,35114,Waterloo,121436,ON,68445707.14990000427,65136105.080,127235
35112,Waterloo,78023827.26759999990,35048,Kitchener Centre,113404,ON,51486628.33990000933,9115079.300,127235
35113,Wellington--Halton Hills,1583676475.34999990463,35060,Milton East—Halton Hills South,116592,ON,256524789.99200001359,146835078.700,127873
35113,Wellington--Halton Hills,1583676475.34999990463,35115,Wellington—Halton Hills North,105468,ON,1454136222.83999991417,1362808889.000,127873
24074,Vaudreuil--Soulanges,530396173.37900000811,24076,Vaudreuil,120653,QC,430543725.45899993181,417588916.600,129612
24074,Vaudreuil--Soulanges,530396173.37900000811,24007,Beauharnois—Salaberry—Soulanges—Huntingdon,118474,QC,1987219357.83999991417,96765539.890,129612
24013,Thérèse-De Blainville,77925974.44900000095,24074,Thérèse-De Blainville,112160,QC,80475726.08720000088,75757474.030,106013
24075,Terrebonne,162722088.80099999905,24073,Terrebonne,113797,QC,160172337.50299999118,155795194.400,119944
24075,Terrebonne,162722088.80099999905,24074,Thérèse-De Blainville,112160,QC,80475726.08720000088,2479123.517,119944
59023,Port Moody--Coquitlam,116731381.97599999607,59020,New Westminster—Burnaby—Maillardville,114665,BC,29864353.90569999814,4934063.969,114853
59023,Port Moody--Coquitlam,116731381.97599999607,59025,Port Moody—Coquitlam,115367,BC,130936783.69799999893,112055395.100,114853
59025,Richmond Centre,397540385.68600004911,59027,Richmond Centre—Marpole,116380,BC,132886824.98899999261,128374340.600,107707
59025,Richmond Centre,397540385.68600004911,59028,Richmond East—Steveston,116141,BC,125132605.97400000691,10284487.430,107707
59025,Richmond Centre,397540385.68600004911,59043,West Vancouver—Sunshine Coast—Sea to Sky Country,114257,BC,15127506069.70000076294,259503072.200,107707
59026,Esquimalt--Saanich--Sooke,954378792.45299994946,59029,Saanich—Gulf Islands,122147,BC,1576980154.98999977112,19638715.670,128644
59026,Esquimalt--Saanich--Sooke,954378792.45299994946,59012,Esquimalt—Saanich—Sooke,120170,BC,974824729.19299995899,928458101.700,128644
59027,Saanich--Gulf Islands,1562003109.85999965668,59029,Saanich—Gulf Islands,122147,BC,1576980154.98999977112,1554629715.000,113541
35114,Whitby,154828596.66600000858,35087,Pickering—Brooklin,122430,ON,307233373.33899998665,58672680.410,138501
35114,Whitby,154828596.66600000858,35116,Whitby,115257,ON,93487836.00169999897,89344407.990,138501
35115,Willowdale,20711812.52549999952,35117,Willowdale,118218,ON,20712387.97269999981,19769640.070,118218
35001,Ajax,70828585.66240000725,35001,Ajax,126666,ON,70828585.68320000172,67669229.540,126666
35002,Algoma--Manitoulin--Kapuskasing,122867820618.00000000000,35091,Sault Ste. Marie—Algoma,113772,ON,51608685830.09999847412,43067533856.000,80310
35002,Algoma--Manitoulin--Kapuskasing,122867820618.00000000000,35104,Sudbury East—Manitoulin—Nickel Belt,99827,ON,45432669308.09999847412,13633851197.000,80310
35002,Algoma--Manitoulin--Kapuskasing,122867820618.00000000000,35108,Thunder Bay—Superior North,86147,ON,169756575278.00000000000,15944175768.000,80310
35002,Algoma--Manitoulin--Kapuskasing,122867820618.00000000000,35044,Kapuskasing—Timmins—Mushkegowuk,93948,ON,276430613805.00000000000,49209807908.000,80310
35003,Aurora--Oak Ridges--Richmond Hill,100476596.20899999142,35003,Aurora—Oak Ridges—Richmond Hill,117750,ON,101665552.85999998450,91599503.440,118883
35003,Aurora--Oak Ridges--Richmond Hill,100476596.20899999142,35089,Richmond Hill South,124748,ON,46518700.58359999210,4469959.798,118883
35004,Barrie--Innisfil,407087314.35500001907,35004,Barrie South—Innisfil,120378,ON,407087314.20099991560,390569349.300,120378
24026,Gaspésie--Les Îles-de-la-Madeleine,1373829866.80999994278,24024,Gaspésie—Les Îles-de-la-Madeleine—Listuguj,110225,QC,1373829866.80999994278,1357509259.000,75927
24027,Gatineau,133961483.79299999774,24005,Argenteuil—La Petite-Nation,108903,QC,5404881265.85999965668,64818595.530,107286
24027,Gatineau,133961483.79299999774,24025,Gatineau,109624,QC,96151582.04649999738,64865096.690,107286
24028,Hochelaga,24062875.56250000000,24026,Hochelaga—Rosemont-Est,110039,QC,24252693.54490000010,23368829.690,108264
24029,Honoré-Mercier,43933981.42559999973,24027,Honoré-Mercier,105434,QC,44887867.47070000321,42696466.150,104578
24026,Gaspésie--Les Îles-de-la-Madeleine,19065220061.29999923706,24024,Gaspésie—Les Îles-de-la-Madeleine—Listuguj,110225,QC,28587156992.09999847412,19017155944.000,75927
24030,Hull--Aylmer,79740686.64219999313,24028,Hull—Aylmer,105559,QC,78263141.28129999340,75558458.000,110881
24030,Hull--Aylmer,79740686.64219999313,24057,Pontiac—Kitigan Zibi,111138,QC,30321888468.90000152588,1781041.184,110881
24031,Joliette,9096631535.89999961853,24029,Joliette—Manawan,104882,QC,8086980745.40000057220,7912566463.000,112418
24031,Joliette,9096631535.89999961853,24036,Laurentides—Labelle,92897,QC,20010989974.40000152588,649497858.700,112418
24031,Joliette,9096631535.89999961853,24039,Les Pays-d'en-Haut,106834,QC,1804086699.91000008583,359374817.100,112418
24032,Jonquière,42251460824.90000152588,24030,Jonquière,91061,QC,59261039871.59999084473,41446697569.000,91073
24032,Jonquière,42251460824.90000152588,24018,Chicoutimi—Le Fjord,92460,QC,3988518759.38000059128,1164731977.000,91073
24033,La Pointe-de-l'Île,50856089.08830000460,24031,La Pointe-de-l'Île,110486,QC,50805155.78000000119,49373271.290,110486
24035,Lac-Saint-Jean,60608336845.00000000000,24030,Jonquière,91061,QC,59261039871.59999084473,18323822741.000,103886
24035,Lac-Saint-Jean,60608336845.00000000000,24033,Lac-Saint-Jean,92031,QC,42429849437.59999847412,42518155405.000,103886
59032,Surrey Centre,43810683.69910000265,59013,Fleetwood—Port Kells,117423,BC,53364065.24419999868,1331122.879,131670
59032,Surrey Centre,43810683.69910000265,59033,Surrey Centre,119724,BC,42481523.65829999745,42544238.420,131670
59028,Skeena--Bulkley Valley,374670419041.00000000000,59031,Skeena—Bulkley Valley,89689,BC,374680636632.00000000000,39036317626.000,89689
59029,South Okanagan--West Kootenay,18138506067.50000000000,59016,Kelowna,105736,BC,2691999041.59999990463,2455541359.000,123487
59029,South Okanagan--West Kootenay,18138506067.50000000000,59030,Similkameen—South Okanagan—West Kootenay,111246,BC,17156989278.50000000000,9893829380.000,123487
59029,South Okanagan--West Kootenay,18138506067.50000000000,59041,Vernon—Lake Country—Monashee,108606,BC,15146554439.39999961853,5505276978.000,123487
59029,South Okanagan--West Kootenay,18138506067.50000000000,59007,Columbia—Kootenay—Southern Rockies,117132,BC,41086322465.59999847412,359357449.700,123487
59030,South Surrey--White Rock,194857632.25900000334,59011,Delta,117734,BC,412118036.33399999142,2082448.312,119672
59030,South Surrey--White Rock,194857632.25900000334,59032,South Surrey—White Rock,118278,BC,192786895.06600001454,192852060.700,119672
59031,Steveston--Richmond East,230891394.33899998665,59028,Richmond East—Steveston,116141,BC,125132605.97400000691,114992857.200,102230
59031,Steveston--Richmond East,230891394.33899998665,59043,West Vancouver—Sunshine Coast—Sea to Sky Country,114257,BC,15127506069.70000076294,116089184.200,102230
35116,Windsor--Tecumseh,200145593.40200001001,35118,Windsor—Tecumseh—Lakeshore,131097,ON,309853847.68800002337,187701774.300,122798
35117,Windsor West,87555534.20520000160,35119,Windsor West,130162,ON,87951573.41310000420,82281041.800,130162
35119,York--Simcoe,1167046970.14000010490,35069,New Tecumseth—Gwillimbury,119358,ON,754077333.81599998474,447413519.700,124458
35119,York--Simcoe,1167046970.14000010490,35047,King—Vaughan,124401,ON,485245013.88899999857,46149722.670,124458
35119,York--Simcoe,1167046970.14000010490,35121,York—Durham,116560,ON,2326570298.46000003815,625482803.000,124458
35118,York Centre,37040481.21920000017,35120,York Centre,108307,ON,37039905.99830000103,35346309.060,108307
35121,Humber River--Black Creek,32245128.18580000103,35041,Humber River—Black Creek,111593,ON,32245128.20670000091,30770207.590,111593
48001,Banff--Airdrie,12284667171.79999923706,48001,Airdrie—Cochrane,115230,AB,578967394.37999999523,588451179.100,155580
48001,Banff--Airdrie,12284667171.79999923706,48037,Yellowhead,115086,AB,82457564112.60000610352,11818878342.000,155580
48001,Banff--Airdrie,12284667171.79999923706,48003,Bow River,112763,AB,21493820078.50000000000,94780322.690,155580
48002,Battle River--Crowfoot,53064632242.50000000000,48002,Battle River—Crowfoot,110212,AB,54542697702.00000000000,54043791833.000,107979
48003,Bow River,24426151207.00000000000,48024,Foothills,114930,AB,19369167341.40000152588,1390751387.000,119458
48003,Bow River,24426151207.00000000000,48002,Battle River—Crowfoot,110212,AB,54542697702.00000000000,1676852718.000,119458
48003,Bow River,24426151207.00000000000,48003,Bow River,112763,AB,21493820078.50000000000,21653413123.000,119458
48008,Calgary Midnapore,86229980.46109999716,48008,Calgary Heritage,119557,AB,73469936.08900000155,4489906.087,129110
48008,Calgary Midnapore,86229980.46109999716,48010,Calgary Midnapore,118694,AB,83133122.28779999912,82952841.930,129110
48011,Calgary Shepard,186659923.66600000858,48007,Calgary East,119550,AB,110900744.10400000215,75743801.470,163447
48011,Calgary Shepard,186659923.66600000858,48012,Calgary Shepard,115093,AB,112010233.73899999261,113587537.000,163447
12004,Dartmouth--Cole Harbour,115600162.78100000322,12005,Dartmouth—Cole Harbour,98885,NS,171937502.98100000620,74796067.770,96165
12004,Dartmouth--Cole Harbour,115600162.78100000322,12009,Sackville—Bedford—Preston,100416,NS,655555970.21899998188,36536200.150,96165
12001,Cape Breton--Canso,13353111602.29999923706,12002,Cape Breton—Canso—Antigonish,75141,NS,20565332735.29999923706,12602990421.000,71380
12001,Cape Breton--Canso,13353111602.29999923706,12011,Sydney—Glace Bay,82219,NS,751699920.71099984646,389248074.300,71380
12002,Central Nova,13111316931.10000038147,12002,Cape Breton—Canso—Antigonish,75141,NS,20565332735.29999923706,1614756112.000,73188
12002,Central Nova,13111316931.10000038147,12003,Central Nova,82014,NS,11811366548.79999923706,11085310200.000,73188
12003,Cumberland--Colchester,11078185376.79999923706,12004,Cumberland—Colchester,104825,NS,11078185378.00000000000,10758913159.000,82014
12005,Halifax,330871067.31300002337,12006,Halifax,99228,NS,325792693.34600001574,313297886.200,107010
12005,Halifax,330871067.31300002337,12007,Halifax West,95063,NS,712620257.78499996662,4889081.258,107010
12005,Halifax,336766285.62800002098,12006,Halifax,99228,NS,336766285.62800002098,322048539.300,107010
12006,Halifax West,265947315.68900001049,12007,Halifax West,95063,NS,712620257.78499996662,121170741.100,111944
12006,Halifax West,265947315.68900001049,12009,Sackville—Bedford—Preston,100416,NS,655555970.21899998188,135062158.600,111944
12007,Kings--Hants,5372219358.90999984741,12008,Kings—Hants,76210,NS,5814964011.47000026703,5193968097.000,87744
12008,Sackville--Preston--Chezzetcook,932108211.64900004864,12003,Central Nova,82014,NS,11811366548.79999923706,347076462.300,89524
12008,Sackville--Preston--Chezzetcook,932108211.64900004864,12005,Dartmouth—Cole Harbour,98885,NS,171937502.98100000620,90718669.120,89524
12008,Sackville--Preston--Chezzetcook,932108211.64900004864,12009,Sackville—Bedford—Preston,100416,NS,655555970.21899998188,460473368.600,89524
12009,South Shore--St. Margarets,12296970248.00000000000,12007,Halifax West,95063,NS,712620257.78499996662,559585191.500,94482
12009,South Shore--St. Margarets,12296970248.00000000000,12010,South Shore—St. Margarets,79130,NS,11715239715.50000000000,11223244085.000,94482
12010,Sydney--Victoria,6303619806.33000087738,12002,Cape Breton—Canso—Antigonish,75141,NS,20565332735.29999923706,5826389160.000,72361
12010,Sydney--Victoria,6303619806.33000087738,12011,Sydney—Glace Bay,82219,NS,751699920.71099984646,344895672.500,72361
12011,West Nova,12712695736.29999923706,12001,Acadie—Annapolis,76252,NS,12269951084.70000267029,11775706636.000,83571
12011,West Nova,12712695736.29999923706,12008,Kings—Hants,76210,NS,5814964011.47000026703,427623658.900,83571
35005,Barrie--Springwater--Oro-Medonte,1041620197.00000000000,35005,Barrie—Springwater—Oro-Medonte,115495,ON,1365505029.49000000954,1001451662.000,106871
35006,Bay of Quinte,3142881477.67999982834,35006,Bay of Quinte,110164,ON,2946019928.05000019073,2818381541.000,116016
35006,Bay of Quinte,3142881477.67999982834,35040,Hastings—Lennox and Addington—Tyendinaga,106468,ON,9664663500.95999908447,188755196.900,116016
35007,Beaches--East York,18827421.04219999909,35007,Beaches—East York,109359,ON,18779833.65509999916,17909377.620,109359
35008,Brampton Centre,45993224.95049999654,35010,Brampton—Chinguacousy Park,115568,ON,38875395.36320000142,26419032.010,104557
35008,Brampton Centre,45993224.95049999654,35009,Brampton Centre,109450,ON,31214084.78590000048,13528174.360,104557
35008,Brampton Centre,45993224.95049999654,35013,Brampton South,113252,ON,57318893.72169999033,3920064.771,104557
24036,Lac-Saint-Louis,127103692.03700000048,24034,Lac-Saint-Louis,110093,QC,127103692.03700000048,123293426.300,110093
24034,La Prairie,316033876.00700002909,24032,La Prairie—Atateken,114968,QC,316780020.10799998045,306345772.400,114968
24037,LaSalle--Émard--Verdun,36245020.67260000110,24035,LaSalle—Émard—Verdun,112298,QC,37585060.54020000249,35044637.580,107564
59036,Vancouver Granville,22579736.89719999954,59027,Richmond Centre—Marpole,116380,BC,132886824.98899999261,4293477.160,109799
59036,Vancouver Granville,22579736.89719999954,59038,Vancouver Granville,116798,BC,24199066.74159999937,16611876.310,109799
59036,Vancouver Granville,22579736.89719999954,59040,Vancouver Quadra,114779,BC,56987407.94579999894,1715778.254,109799
59033,Surrey--Newton,30006915.15830000117,59011,Delta,117734,BC,412118036.33399999142,1514527.845,122264
59033,Surrey--Newton,30006915.15830000117,59034,Surrey Newton,119560,BC,29155808.62739999592,28523714.580,122264
59037,North Island--Powell River,72381465033.30000305176,59021,North Island—Powell River,125840,BC,72388934081.89999389648,73261606407.000,111825
59034,Vancouver Centre,19367220.33769999817,59035,Vancouver Centre,115964,BC,16967734.77129999921,16964067.430,126995
59034,Vancouver Centre,19367220.33769999817,59038,Vancouver Granville,116798,BC,24199066.74159999937,2282767.136,126995
59034,Vancouver Centre,19367220.33769999817,59040,Vancouver Quadra,114779,BC,56987407.94579999894,163650.434,126995
59035,Vancouver East,25892364.14409999922,59036,Vancouver East,118675,BC,25892364.14409999922,25947527.080,118675
48005,Calgary Confederation,54356708.79909999669,48005,Calgary Confederation,119508,AB,53038896.02019999921,46291698.760,124064
48005,Calgary Confederation,54356708.79909999669,48006,Calgary Crowfoot,117541,AB,72507947.90940000117,273889.227,124064
48005,Calgary Confederation,54356708.79909999669,48011,Calgary Nose Hill,117677,AB,61164509.22879999876,8619199.461,124064
48004,Calgary Centre,49257055.11630000174,48004,Calgary Centre,120536,AB,44490723.09489999712,45151728.830,130010
48004,Calgary Centre,49257055.11630000174,48013,Calgary Signal Hill,120203,AB,63568551.21880000830,4835771.272,130010
35009,Brampton East,89461709.85750000179,35011,Brampton East,119214,ON,85558318.71330000460,81664507.950,131677
35009,Brampton East,89461709.85750000179,35012,Brampton North—Caledon,106762,ON,159625702.89800000191,3725510.430,131677
35010,Brampton North,35529662.55960000306,35010,Brampton—Chinguacousy Park,115568,ON,38875395.36320000142,10665597.730,125141
35010,Brampton North,35529662.55960000306,35012,Brampton North—Caledon,106762,ON,159625702.89800000191,23234888.870,125141
35011,Brampton South,49302388.63000000268,35009,Brampton Centre,109450,ON,31214084.78590000048,12597589.790,132752
35011,Brampton South,49302388.63000000268,35013,Brampton South,113252,ON,57318893.72169999033,34401857.510,132752
35012,Brampton West,60955017.05699999630,35009,Brampton Centre,109450,ON,31214084.78590000048,3642238.024,162353
35012,Brampton West,60955017.05699999630,35013,Brampton South,113252,ON,57318893.72169999033,16317291.890,162353
35012,Brampton West,60955017.05699999630,35014,Brampton West,114260,ON,40020183.12150000036,38165444.730,162353
35014,Bruce--Grey--Owen Sound,10250809372.20000076294,35016,Bruce—Grey—Owen Sound,113348,ON,10250809372.20000076294,9873077937.000,113348
35015,Burlington,85192583.93610000610,35017,Burlington,125435,ON,85192583.67360000312,80956575.480,125435
35017,Chatham-Kent--Leamington,3345411467.36000061035,35021,Chatham-Kent—Leamington,134226,ON,4158021654.80999994278,2861079987.000,113654
35017,Chatham-Kent--Leamington,3345411467.36000061035,35028,Essex,131691,ON,2425900651.34000015259,279927736.600,113654
35066,Niagara Centre,515139381.50599998236,35071,Niagara South,132500,ON,823469988.54700005054,471591152.200,119809
35066,Niagara Centre,515139381.50599998236,35072,Niagara West,112065,ON,1205063069.06999993324,5860441.743,119809
35066,Niagara Centre,515139381.50599998236,35101,St. Catharines,119873,ON,96050068.29620000720,9992009.340,119809
35067,Niagara Falls,714072790.94099998474,35070,Niagara Falls—Niagara-on-the-Lake,113503,ON,389024250.82400000095,368800651.100,146404
35067,Niagara Falls,714072790.94099998474,35071,Niagara South,132500,ON,823469988.54700005054,307426553.100,146404
35070,Nipissing--Timiskaming,15433354975.50000000000,35073,Nipissing—Timiskaming,98237,ON,19212007990.70000076294,15111276807.000,89781
35071,Northumberland--Peterborough South,3216920500.01999998093,35074,Northumberland—Clarke,106574,ON,2629342139.67000007629,2517812860.000,118756
35071,Northumberland--Peterborough South,3216920500.01999998093,35086,Peterborough,128349,ON,2183082099.63999986649,563580860.200,118756
59038,Vancouver Kingsway,15305871.58139999956,59039,Vancouver Kingsway,116499,BC,16768128.39739999920,15334747.850,108054
59039,Vancouver Quadra,57503242.18850000203,59027,Richmond Centre—Marpole,116380,BC,132886824.98899999261,414197.233,109328
59039,Vancouver Quadra,57503242.18850000203,59040,Vancouver Quadra,114779,BC,56987407.94579999894,55206633.650,109328
59039,Vancouver Quadra,57503242.18850000203,59043,West Vancouver—Sunshine Coast—Sea to Sky Country,114257,BC,15127506069.70000076294,1945419.663,109328
59040,Vancouver South,21204109.04419999942,59037,Vancouver Fraserview—South Burnaby,117482,BC,33517602.39039999992,14433774.330,109339
59040,Vancouver South,21204109.04419999942,59038,Vancouver Granville,116798,BC,24199066.74159999937,5341239.618,109339
59040,Vancouver South,21204109.04419999942,59039,Vancouver Kingsway,116499,BC,16768128.39739999920,1464838.913,109339
59041,Victoria,426502814.72499996424,59042,Victoria,123482,BC,431237833.72299998999,424408755.900,123482
59042,West Vancouver--Sunshine Coast--Sea to Sky Country,14758309722.59999847412,59043,West Vancouver—Sunshine Coast—Sea to Sky Country,114257,BC,15127506069.70000076294,14867032610.000,131206
48007,Calgary Heritage,70385106.53859999776,48008,Calgary Heritage,119557,AB,73469936.08900000155,70027665.670,109141
48007,Calgary Heritage,70385106.53859999776,48010,Calgary Midnapore,118694,AB,83133122.28779999912,1350117.308,109141
48006,Calgary Forest Lawn,53276305.57720000297,48007,Calgary East,119550,AB,110900744.10400000215,36796730.410,107939
48006,Calgary Forest Lawn,53276305.57720000297,48009,Calgary McKnight,123148,AB,74330014.11300000548,17284651.500,107939
35013,Brantford--Brant,885629917.64999997616,35015,Brantford—Brant South—Six Nations,121511,ON,956839390.98700010777,698405830.600,140139
35013,Brantford--Brant,885629917.64999997616,35032,Flamborough—Glanbrook—Brant North,103836,ON,1166490064.06999993324,141235963.300,140139
35016,Cambridge,373036075.96100002527,35019,Cambridge,119493,ON,273948799.47299998999,260336259.500,121301
35016,Cambridge,373036075.96100002527,35032,Flamborough—Glanbrook—Brant North,103836,ON,1166490064.06999993324,94089165.620,121301
35072,Oakville,98314887.68829998374,35075,Oakville East,108735,ON,81151627.77500000596,42091485.510,122322
35072,Oakville,98314887.68829998374,35076,Oakville West,105024,ON,81128785.12190000713,51434595.190,122322
24038,Laurentides--Labelle,19698310732.00000000000,24036,Laurentides—Labelle,92897,QC,20010989974.40000152588,18995888504.000,123796
24038,Laurentides--Labelle,19698310732.00000000000,24039,Les Pays-d'en-Haut,106834,QC,1804086699.91000008583,342896808.000,123796
24039,Laurier--Sainte-Marie,10965227.05040000007,24037,Laurier—Sainte-Marie,115704,QC,20758551.71279999986,9679646.675,116932
24039,Laurier--Sainte-Marie,10965227.05040000007,24053,Outremont,115051,QC,13267541.90369999781,934259.287,116932
35068,Niagara West,1195800431.83999991417,35072,Niagara West,112065,ON,1205063069.06999993324,1132812009.000,96946
48009,Calgary Nose Hill,57154862.65189999342,48011,Calgary Nose Hill,117677,AB,61164509.22879999876,44690475.290,115287
48009,Calgary Nose Hill,57154862.65189999342,48014,Calgary Skyview,115277,AB,88218076.23589999974,13358728.530,115287
48010,Calgary Rocky Ridge,90242896.23520000279,48006,Calgary Crowfoot,117541,AB,72507947.90940000117,73108787.790,145326
48010,Calgary Rocky Ridge,90242896.23520000279,48011,Calgary Nose Hill,117677,AB,61164509.22879999876,2208890.482,145326
48010,Calgary Rocky Ridge,90242896.23520000279,48014,Calgary Skyview,115277,AB,88218076.23589999974,16164068.990,145326
35018,Davenport,12671335.58819999918,35022,Davenport,125048,ON,15349833.11999999918,12081808.900,105946
35020,Don Valley North,25616446.53929999843,35092,Scarborough—Agincourt,123969,ON,27827479.76729999855,5168886.582,113663
35020,Don Valley North,25616446.53929999843,35023,Don Valley North,111122,ON,27901330.60170000046,19284917.140,113663
35019,Don Valley East,24086834.94020000100,35093,Scarborough Centre—Don Valley East,111377,ON,31186918.21220000088,11947683.390,95039
35019,Don Valley East,24086834.94020000100,35023,Don Valley North,111122,ON,27901330.60170000046,1291412.561,95039
35019,Don Valley East,24086834.94020000100,35024,Don Valley West,120579,ON,33728539.50029999763,9743430.573,95039
24040,Laval--Les Îles,53497069.08700000495,24038,Laval—Les Îles,111784,QC,53497069.26500000060,51941883.890,111784
24041,Longueuil--Charles-LeMoyne,38977875.95340000093,24041,Longueuil—Charles-LeMoyne,112257,QC,38977876.01340000331,37827097.970,112257
24042,Lévis--Lotbinière,2237870434.59000015259,24040,Lévis—Lotbinière,112830,QC,1195662041.98000001907,1160850597.000,118608
24042,Lévis--Lotbinière,2237870434.59000015259,24046,Mégantic—L’Érable—Lotbinière,103114,QC,7332348765.42000007629,1031624592.000,118608
48012,Calgary Signal Hill,66230426.43729999661,48005,Calgary Confederation,119508,AB,53038896.02019999921,7552862.084,122818
48012,Calgary Signal Hill,66230426.43729999661,48013,Calgary Signal Hill,120203,AB,63568551.21880000830,59675563.970,122818
48013,Calgary Skyview,122960122.45499999821,48009,Calgary McKnight,123148,AB,74330014.11300000548,58193228.450,159642
48013,Calgary Skyview,122960122.45499999821,48011,Calgary Nose Hill,117677,AB,61164509.22879999876,6597592.985,159642
48013,Calgary Skyview,122960122.45499999821,48014,Calgary Skyview,115277,AB,88218076.23589999974,60099140.350,159642
24043,Longueuil--Saint-Hubert,63172679.31149999797,24042,Longueuil—Saint-Hubert,115082,QC,63172679.72990000248,61335620.410,115082
24044,Louis-Hébert,106452807.78200000525,24043,Louis-Hébert,106117,QC,101204596.66799998283,99367578.080,111322
24044,Louis-Hébert,106452807.78200000525,24059,Québec Centre,103977,QC,44674896.08560000360,5153114.677,111322
24045,Louis-Saint-Laurent,141428022.12400001287,24044,Louis-Saint-Laurent—Akiawenhrahk,113220,QC,128425871.95000000298,126168633.700,123123
24045,Louis-Saint-Laurent,141428022.12400001287,24016,Charlesbourg—Haute-Saint-Charles,113308,QC,124501407.56700000167,12775097.390,123123
24046,Manicouagan,3414228657.81999969482,24021,Côte-Nord—Kawawachikamach—Nitassinan,88525,QC,3414228657.84000015259,3544941351.000,88525
24046,Manicouagan,309033528860.00000000000,24021,Côte-Nord—Kawawachikamach—Nitassinan,88525,QC,309033528860.00000000000,31384763134.000,88525
24046,Manicouagan,581815345.64600002766,24021,Côte-Nord—Kawawachikamach—Nitassinan,88525,QC,581815345.64600002766,604169801.500,88525
59007,Cloverdale--Langley City,59557541.10610000044,59013,Fleetwood—Port Kells,117423,BC,53364065.24419999868,6697183.539,130665
59007,Cloverdale--Langley City,59557541.10610000044,59006,Cloverdale—Langley City,117050,BC,47588806.37719999254,47631896.360,130665
59007,Cloverdale--Langley City,59557541.10610000044,59017,Langley Township—Fraser Heights,117251,BC,210880510.50199997425,4612356.786,130665
59007,Cloverdale--Langley City,59557541.10610000044,59034,Surrey Newton,119560,BC,29155808.62739999592,662662.916,130665
48014,Edmonton Centre,46451837.50760000199,48023,Edmonton West,112943,AB,75241977.34379999340,9583598.307,109125
48014,Edmonton Centre,46451837.50760000199,48015,Edmonton Centre,115160,AB,45535399.40810000151,38019802.610,109125
48014,Edmonton Centre,46451837.50760000199,48017,Edmonton Griesbach,111126,AB,45160282.39320000261,276608.543,109125
59006,Chilliwack--Hope,3353139725.00000000000,59005,Chilliwack—Hope,119082,BC,6954965722.88000106812,3358206255.000,112037
59008,Coquitlam--Port Coquitlam,655736388.08899998665,59025,Port Moody—Coquitlam,115367,BC,130936783.69799999893,19187389.100,132004
59008,Coquitlam--Port Coquitlam,655736388.08899998665,59008,Coquitlam—Port Coquitlam,114460,BC,636606078.07099997997,638712454.200,132004
59009,Courtenay--Alberni,12065909330.60000228882,59009,Courtenay—Alberni,122753,BC,12083658131.10000038147,12067875997.000,125116
59009,Courtenay--Alberni,92638.71705710000,59009,Courtenay—Alberni,122753,BC,12083658131.10000038147,93113.365,125116
59010,Cowichan--Malahat--Langford,5364956282.90999984741,59010,Cowichan—Malahat—Langford,124115,BC,5324796716.23999977112,5310525713.000,124247
59010,Cowichan--Malahat--Langford,5364956282.90999984741,59012,Esquimalt—Saanich—Sooke,120170,BC,974824729.19299995899,41458235.260,124247
24048,Mirabel,931123875.80900001526,24039,Les Pays-d'en-Haut,106834,QC,1804086699.91000008583,94917204.330,132930
24048,Mirabel,931123875.80900001526,24047,Mirabel,100598,QC,756543365.54699993134,716177173.300,132930
24048,Mirabel,931123875.80900001526,24064,Rivière-du-Nord,113514,QC,305667612.84799998999,93777362.690,132930
24047,Mégantic--L'Érable,6279117406.93000125885,24046,Mégantic—L’Érable—Lotbinière,103114,QC,7332348765.42000007629,6116880321.000,88894
24049,Montarville,157207261.57100000978,24049,Mont-Saint-Bruno—L’Acadie,111323,QC,214742550.62200000882,152644399.600,100515
24050,Montcalm,906226761.05700004101,24039,Les Pays-d'en-Haut,106834,QC,1804086699.91000008583,146647234.900,118746
24050,Montcalm,906226761.05700004101,24050,Montcalm,111954,QC,755767516.88900005817,736166628.300,118746
24051,Montmagny--L'Islet--Kamouraska--Rivière-du-Loup,9376498816.48999977112,24020,Côte-du-Sud—Rivière-du-Loup—Kataskomiq—Témiscouata,116216,QC,13479775541.00000190735,9247938128.000,96724
24052,Mount Royal,23314543.89020000398,24048,Mount Royal,112706,QC,23550234.75109999999,22626517.830,108494
48015,Edmonton Griesbach,46250684.88220000267,48019,Edmonton Northwest,112964,AB,102762508.02300000191,1614885.507,111699
48015,Edmonton Griesbach,46250684.88220000267,48015,Edmonton Centre,115160,AB,45535399.40810000151,4621825.421,111699
48015,Edmonton Griesbach,46250684.88220000267,48017,Edmonton Griesbach,111126,AB,45160282.39320000261,41455013.200,111699
48016,Edmonton Manning,157861808.00000000000,48018,Edmonton Manning,112180,AB,151840674.95600000024,156508408.200,132224
48016,Edmonton Manning,157861808.00000000000,48019,Edmonton Northwest,112964,AB,102762508.02300000191,2651757.348,132224
48016,Edmonton Manning,157861808.00000000000,48017,Edmonton Griesbach,111126,AB,45160282.39320000261,3680400.001,132224
48017,Edmonton Mill Woods,49998639.69699999690,48021,Edmonton Southeast,113208,AB,69922701.76019999385,32407272.570,125992
48017,Edmonton Mill Woods,49998639.69699999690,48022,Edmonton Strathcona,111556,AB,83822629.70450000465,903382.042,125992
48017,Edmonton Mill Woods,49998639.69699999690,48016,Edmonton Gateway,110184,AB,63153924.03459999710,18116539.300,125992
48022,Foothills,20868237206.90000152588,48024,Foothills,114930,AB,19369167341.40000152588,16657969533.000,115118
48022,Foothills,20868237206.90000152588,48037,Yellowhead,115086,AB,82457564112.60000610352,4385967862.000,115118
48023,Fort McMurray--Cold Lake,147405184149.00000000000,48025,Fort McMurray—Cold Lake,110504,AB,147514441944.00000000000,15461617284.000,110163
24053,Notre-Dame-de-Grâce--Westmount,16553556.78879999928,24035,LaSalle—Émard—Verdun,112298,QC,37585060.54020000249,233646.178,105601
24053,Notre-Dame-de-Grâce--Westmount,16553556.78879999928,24048,Mount Royal,112706,QC,23550234.75109999999,228567.768,105601
24053,Notre-Dame-de-Grâce--Westmount,16553556.78879999928,24052,Notre-Dame-de-Grâce—Westmount,111377,QC,17366828.22890000045,15600148.320,105601
24054,Outremont,12305364.94360000081,24053,Outremont,115051,QC,13267541.90369999781,11944339.080,103620
24055,Papineau,10203407.69480000064,24054,Papineau,110813,QC,10203407.68539999984,9907488.503,110813
24056,Pierrefonds--Dollard,65685269.58770000190,24056,Pierrefonds—Dollard,109497,QC,65685269.68460000306,63749883.310,109497
24057,Pontiac,30842906241.79999923706,24057,Pontiac—Kitigan Zibi,111138,QC,30321888468.90000152588,29723261315.000,129781
24057,Pontiac,30842906241.79999923706,24005,Argenteuil—La Petite-Nation,108903,QC,5404881265.85999965668,479790018.200,129781
24058,Portneuf--Jacques-Cartier,7724425009.77999973297,24051,Montmorency—Charlevoix,101119,QC,13397364505.79999923706,173737758.700,123243
24058,Portneuf--Jacques-Cartier,7724425009.77999973297,24058,Portneuf—Jacques-Cartier,106611,QC,7547832084.39000034332,7432841328.000,123243
24060,Repentigny,235398941.70099997520,24029,Joliette—Manawan,104882,QC,8086980745.40000057220,22282957.810,119204
24060,Repentigny,235398941.70099997520,24060,Repentigny,111373,QC,156321180.42199999094,152147829.200,119204
24060,Repentigny,235398941.70099997520,24012,Berthier—Maskinongé,108640,QC,4695300029.86999988556,54715592.790,119204
24061,Richmond--Arthabaska,3572314817.03000068665,24061,Richmond—Arthabaska,110651,QC,3572314809.82000064850,3478489418.000,110651
24062,Rivière-des-Mille-Îles,124697050.58699999750,24047,Mirabel,100598,QC,756543365.54699993134,18824033.610,105589
24062,Rivière-des-Mille-Îles,124697050.58699999750,24063,Rivière-des-Mille-Îles,104960,QC,105312674.87000000477,102305896.900,105589
48018,Edmonton Riverbend,59861234.90359999239,48020,Edmonton Riverbend,111578,AB,122716648.79499998689,43279227.240,124144
48018,Edmonton Riverbend,59861234.90359999239,48022,Edmonton Strathcona,111556,AB,83822629.70450000465,4446430.043,124144
48018,Edmonton Riverbend,59861234.90359999239,48023,Edmonton West,112943,AB,75241977.34379999340,6984432.102,124144
48018,Edmonton Riverbend,59861234.90359999239,48016,Edmonton Gateway,110184,AB,63153924.03459999710,6973478.700,124144
48026,Lethbridge,3028291411.76000070572,48029,Lethbridge,123847,AB,3028291412.25000000000,3047638145.000,123847
48027,Medicine Hat--Cardston--Warner,30045297175.40000152588,48024,Foothills,114930,AB,19369167341.40000152588,1461277570.000,108391
48027,Medicine Hat--Cardston--Warner,30045297175.40000152588,48030,Medicine Hat—Cardston—Warner,103819,AB,28589065877.40000152588,28732330352.000,108391
48028,Peace River--Westlock,105954050013.00000000000,48032,Peace River—Westlock,113907,AB,158122458594.00000000000,11061164281.000,107223
48024,Grande Prairie--Mackenzie,109165773916.00000000000,48026,Grande Prairie,112902,AB,56991318546.09999084473,59579754985.000,119586
48024,Grande Prairie--Mackenzie,109165773916.00000000000,48032,Peace River—Westlock,113907,AB,158122458594.00000000000,55082711278.000,119586
48029,Red Deer--Mountain View,7658442227.77000045776,48033,Ponoka—Didsbury,114521,AB,9688449972.64999961853,3852787969.000,120739
48029,Red Deer--Mountain View,7658442227.77000045776,48034,Red Deer,115044,AB,2089921357.38999986649,2022778530.000,120739
48029,Red Deer--Mountain View,7658442227.77000045776,48037,Yellowhead,115086,AB,82457564112.60000610352,1941525084.000,120739
48030,Red Deer--Lacombe,6321655553.18000030518,48028,Leduc—Wetaskiwin,114237,AB,6182037753.10999965668,304291872.200,131575
48030,Red Deer--Lacombe,6321655553.18000030518,48033,Ponoka—Didsbury,114521,AB,9688449972.64999961853,6062181652.000,131575
48030,Red Deer--Lacombe,6321655553.18000030518,48034,Red Deer,115044,AB,2089921357.38999986649,113710594.200,131575
48031,St. Albert--Edmonton,103531370.82400000095,48019,Edmonton Northwest,112964,AB,102762508.02300000191,57882929.210,130822
48031,St. Albert--Edmonton,103531370.82400000095,48036,St. Albert—Sturgeon River,121306,AB,4476915227.43999958038,48901080.930,130822
48032,Sherwood Park--Fort Saskatchewan,1271667005.45000004768,48035,Sherwood Park—Fort Saskatchewan,126313,AB,1271836338.38000011444,1311207078.000,126313
48033,Sturgeon River--Parkland,4004519087.70000028610,48031,Parkland,114679,AB,10161041537.60000038147,951614289.400,124849
48033,Sturgeon River--Parkland,4004519087.70000028610,48036,St. Albert—Sturgeon River,121306,AB,4476915227.43999958038,3181448706.000,124849
48034,Yellowhead,76115947962.10000610352,48028,Leduc—Wetaskiwin,114237,AB,6182037753.10999965668,957087252.500,99218
48034,Yellowhead,76115947962.10000610352,48031,Parkland,114679,AB,10161041537.60000038147,9520020587.000,99218
48034,Yellowhead,76115947962.10000610352,48036,St. Albert—Sturgeon River,121306,AB,4476915227.43999958038,1392211429.000,99218
48034,Yellowhead,76115947962.10000610352,48037,Yellowhead,115086,AB,82457564112.60000610352,66447243551.000,99218
24059,Québec,39412131.16130000353,24059,Québec Centre,103977,QC,44674896.08560000360,38706866.550,98772
24063,Rivière-du-Nord,381244428.29299998283,24039,Les Pays-d'en-Haut,106834,QC,1804086699.91000008583,167532479.200,122654
24063,Rivière-du-Nord,381244428.29299998283,24064,Rivière-du-Nord,113514,QC,305667612.84799998999,203715411.300,122654
24064,Rosemont--La Petite-Patrie,11025715.00200000033,24065,Rosemont—La Petite-Patrie,112909,QC,11025715.01669999957,10705866.480,112909
59001,Abbotsford,176358969.04499998689,59018,Mission—Matsqui—Abbotsford,118415,BC,4813755304.17000007629,122608309.900,110331
59001,Abbotsford,176358969.04499998689,59001,Abbotsford—South Langley,116265,BC,233732435.39899998903,53809318.560,110331
59002,Burnaby North--Seymour,130957254.11200000346,59002,Burnaby Central,120734,BC,38164515.75090000033,6060935.861,108794
59002,Burnaby North--Seymour,130957254.11200000346,59003,Burnaby North—Seymour,119311,BC,155666955.12999999523,125232657.400,108794
59003,Burnaby South,47336901.11850000173,59002,Burnaby Central,120734,BC,38164515.75090000033,29559613.120,120305
59003,Burnaby South,47336901.11850000173,59037,Vancouver Fraserview—South Burnaby,117482,BC,33517602.39039999992,17839257.630,120305
59004,Cariboo--Prince George,83163522356.10000610352,59004,Cariboo—Prince George,117160,BC,90045729788.50000000000,85213806737.000,111226
59005,Central Okanagan--Similkameen--Nicola,16208341838.60000038147,59015,Kamloops—Thompson—Nicola,111707,BC,50083390679.90000152588,6858439614.000,122340
59005,Central Okanagan--Similkameen--Nicola,16208341838.60000038147,59023,Okanagan Lake West—South Kelowna,106794,BC,2064094952.40000009537,1664780713.000,122340
59005,Central Okanagan--Similkameen--Nicola,16208341838.60000038147,59030,Similkameen—South Okanagan—West Kootenay,111246,BC,17156989278.50000000000,7308669776.000,122340
59005,Central Okanagan--Similkameen--Nicola,16208341838.60000038147,59041,Vernon—Lake Country—Monashee,108606,BC,15146554439.39999961853,457094609.000,122340
13007,Moncton--Riverview--Dieppe,167718989.19200000167,13002,Beauséjour,88591,NB,5138248016.59000015259,1776890.876,101237
13007,Moncton--Riverview--Dieppe,167718989.19200000167,13004,Fundy Royal,73554,NB,7656532123.47000026703,11153872.760,101237
13007,Moncton--Riverview--Dieppe,167718989.19200000167,13007,Moncton—Dieppe,91961,NB,170509917.53299999237,150768799.600,101237
13006,Miramichi--Grand Lake,18248622563.70000076294,13001,Acadie—Bathurst,79581,NB,6321948757.42000007629,104401101.300,57520
13006,Miramichi--Grand Lake,18248622563.70000076294,13005,Madawaska—Restigouche,70597,NB,13721889576.70000076294,95159136.340,57520
13006,Miramichi--Grand Lake,18248622563.70000076294,13006,Miramichi—Grand Lake,59725,NB,19781547186.90000152588,17726567621.000,57520
13008,New Brunswick Southwest,12292068588.20000076294,13009,Saint John—St. Croix,80192,NB,11172956924.89999961853,10384677621.000,67781
13008,New Brunswick Southwest,12292068588.20000076294,13010,Tobique—Mactaquac,64088,NB,15386513770.50000000000,1536125526.000,67781
13009,Saint John--Rothesay,524841391.51200002432,13008,Saint John—Kennebecasis,81932,NB,416653734.47099995613,323696539.700,81996
13009,Saint John--Rothesay,524841391.51200002432,13009,Saint John—St. Croix,80192,NB,11172956924.89999961853,184115773.800,81996
13010,Tobique--Mactaquac,15129431683.50000000000,13005,Madawaska—Restigouche,70597,NB,13721889576.70000076294,1257944911.000,69344
13010,Tobique--Mactaquac,15129431683.50000000000,13010,Tobique—Mactaquac,64088,NB,15386513770.50000000000,13516972225.000,69344
13002,Beauséjour,5141382535.97999954224,13002,Beauséjour,88591,NB,5138248016.59000015259,5019321494.000,88797
13001,Acadie--Bathurst,6216188731.99000072479,13001,Acadie—Bathurst,79581,NB,6321948757.42000007629,6147677805.000,77594
13003,Fredericton,1678509916.67000007629,13003,Fredericton—Oromocto,85389,NB,291080687.68199998140,227998160.300,87436
13003,Fredericton,1678509916.67000007629,13006,Miramichi—Grand Lake,59725,NB,19781547186.90000152588,1135064809.000,87436
13003,Fredericton,1678509916.67000007629,13009,Saint John—St. Croix,80192,NB,11172956924.89999961853,266801474.900,87436
13004,Fundy Royal,8265157955.92000007629,13004,Fundy Royal,73554,NB,7656532123.47000026703,7437452392.000,83721
13004,Fundy Royal,8265157955.92000007629,13006,Miramichi—Grand Lake,59725,NB,19781547186.90000152588,513941803.100,83721
13004,Fundy Royal,8265157955.92000007629,13008,Saint John—Kennebecasis,81932,NB,416653734.47099995613,80020013.200,83721
13005,Madawaska--Restigouche,12393958342.70000076294,13005,Madawaska—Restigouche,70597,NB,13721889576.70000076294,12216601606.000,60184
35056,Markham--Unionville,88614105.60029999912,35056,Markham—Stouffville,120845,ON,82518617.31970000267,2197210.977,128308
35056,Markham--Unionville,88614105.60029999912,35058,Markham—Unionville,116972,ON,86314865.61210000515,82486205.280,128308
35057,Milton,471670990.21399998665,35060,Milton East—Halton Hills South,116592,ON,256524789.99200001359,97517207.370,136993
35057,Milton,471670990.21399998665,35018,Burlington North—Milton West,125575,ON,397304472.40700000525,351434268.500,136993
35059,Mississauga East--Cooksville,33657239.31899999827,35064,Mississauga—Lakeshore,119936,ON,92759652.46470001340,745920.206,116346
35059,Mississauga East--Cooksville,33657239.31899999827,35061,Mississauga Centre,124084,ON,24623938.96110000089,2630157.625,116346
35059,Mississauga East--Cooksville,33657239.31899999827,35062,Mississauga East—Cooksville,120196,ON,32186033.89359999821,28694914.400,116346
35060,Mississauga--Erin Mills,35644548.37020000070,35063,Mississauga—Erin Mills,120241,ON,33829214.12719999999,32214487.570,123371
35060,Mississauga--Erin Mills,35644548.37020000070,35066,Mississauga—Streetsville,113763,ON,48166787.51340000331,1728991.917,123371
35058,Mississauga Centre,24320616.14420000091,35066,Mississauga—Streetsville,113763,ON,48166787.51340000331,1325461.607,127377
35058,Mississauga Centre,24320616.14420000091,35061,Mississauga Centre,124084,ON,24623938.96110000089,19867734.560,127377
35058,Mississauga Centre,24320616.14420000091,35062,Mississauga East—Cooksville,120196,ON,32186033.89359999821,1975138.137,127377
46001,Brandon--Souris,3175630.34628999978,46001,Brandon—Souris,93930,MB,3175627.38980000000,3197455.415,89812
46002,Charleswood--St. James--Assiniboia--Headingley,206536335.15200001001,46014,Winnipeg West,94074,MB,651344924.64800000191,207894791.700,84767
46003,Churchill--Keewatinook Aski,494867443810.00000000000,46002,Churchill—Keewatinook Aski,82741,MB,494571804715.99993896484,51509832304.000,81258
46004,Dauphin--Swan River--Neepawa,56827994302.69999694824,46007,Riding Mountain,90962,MB,57442086062.90000152588,57499240077.000,89503
46001,Brandon--Souris,18286647573.79999923706,46001,Brandon—Souris,93930,MB,19680937419.90000152588,18348312748.000,89812
46005,Elmwood--Transcona,49770364.74549999833,46003,Elmwood—Transcona,99504,MB,172010674.44600000978,48346411.560,101691
46005,Elmwood--Transcona,49770364.74549999833,46004,Kildonan—St. Paul,99467,MB,300642493.62199997902,1764789.142,101691
35061,Mississauga--Lakeshore,91976516.11939999461,35064,Mississauga—Lakeshore,119936,ON,92759652.46470001340,87583094.640,117095
35062,Mississauga--Malton,102182629.84399999678,35065,Mississauga—Malton,119741,ON,105493499.22699999809,96457702.300,116908
35062,Mississauga--Malton,102182629.84399999678,35061,Mississauga Centre,124084,ON,24623938.96110000089,959348.875,116908
11001,Cardigan,4129204830.53999996185,11001,Cardigan,39236,PE,4089404182.73000049591,3994705714.000,39866
11001,Cardigan,4129204830.53999996185,11004,Malpeque,38535,PE,2514132015.03999996185,38935671.950,39866
11002,Charlottetown,54703753.96270000190,11002,Charlottetown,38809,PE,55173791.46400000155,53467174.810,38809
11003,Egmont,2144840310.33999991417,11003,Egmont,37751,PE,2289341797.30999994278,2103719889.000,35925
35063,Mississauga--Streetsville,49277576.42220000178,35065,Mississauga—Malton,119741,ON,105493499.22699999809,4114995.423,116864
35063,Mississauga--Streetsville,49277576.42220000178,35066,Mississauga—Streetsville,113763,ON,48166787.51340000331,42833209.890,116864
35064,Nepean,179422855.33899998665,35067,Nepean,122229,ON,85630825.00390000641,81830014.580,132769
35064,Nepean,179422855.33899998665,35020,Carleton,124416,ON,1988636871.29999995232,72733669.610,132769
35064,Nepean,179422855.33899998665,35043,Kanata,121458,ON,232544937.54100003839,18547055.400,132769
35065,Newmarket--Aurora,62338850.23820000142,35068,Newmarket—Aurora,117699,ON,56500778.75620000064,54047331.300,127134
35065,Newmarket--Aurora,62338850.23820000142,35003,Aurora—Oak Ridges—Richmond Hill,117750,ON,101665552.85999998450,5612717.525,127134
46006,Kildonan--St. Paul,172125067.75099998713,46011,Winnipeg North,95082,MB,36377451.58659999818,1808748.697,91480
46006,Kildonan--St. Paul,172125067.75099998713,46004,Kildonan—St. Paul,99467,MB,300642493.62199997902,171607125.700,91480
46007,Portage--Lisgar,12656903691.60000038147,46001,Brandon—Souris,93930,MB,19680937419.90000152588,1144237643.000,100417
46007,Portage--Lisgar,12656903691.60000038147,46005,Portage—Lisgar,94840,MB,10648522052.79999923706,10693660526.000,100417
46007,Portage--Lisgar,12656903691.60000038147,46007,Riding Mountain,90962,MB,57442086062.90000152588,871503475.600,100417
46008,Provencher,18771624262.50000000000,46003,Elmwood—Transcona,99504,MB,172010674.44600000978,124820209.300,109445
46008,Provencher,18771624262.50000000000,46004,Kildonan—St. Paul,99467,MB,300642493.62199997902,129514129.900,109445
46008,Provencher,18771624262.50000000000,46006,Provencher,100332,MB,18519071209.59999847412,18596602595.000,109445
11004,Malpeque,2619302893.11999988556,11003,Egmont,37751,PE,2289341797.30999994278,141331806.000,39731
11004,Malpeque,2619302893.11999988556,11004,Malpeque,38535,PE,2514132015.03999996185,2419317285.000,39731
46009,Saint Boniface--Saint Vital,64582608.34679999202,46008,St. Boniface—St. Vital,99975,MB,67032755.13210000098,64999206.530,95514
46010,Selkirk--Interlake--Eastman,25298238165.50000000000,46009,Selkirk—Interlake—Eastman,98620,MB,24858257886.00000000000,25167437258.000,101373
46010,Selkirk--Interlake--Eastman,25298238165.50000000000,46014,Winnipeg West,94074,MB,651344924.64800000191,443320184.000,101373
46010,Selkirk--Interlake--Eastman,539600303.30299997330,46009,Selkirk—Interlake—Eastman,98620,MB,835239442.82599997520,484252216.500,101373
46010,Selkirk--Interlake--Eastman,539600303.30299997330,46002,Churchill—Keewatinook Aski,82741,MB,494571804715.99993896484,66017668.110,101373
46013,Winnipeg South,104629083.07500001788,46008,St. Boniface—St. Vital,99975,MB,67032755.13210000098,2465804.152,113370
46013,Winnipeg South,104629083.07500001788,46012,Winnipeg South,99793,MB,97315225.74680000544,97889961.560,113370
46013,Winnipeg South,104629083.07500001788,46013,Winnipeg South Centre,95882,MB,46387495.14819999784,4893394.357,113370
46010,Selkirk--Interlake--Eastman,635293.94365699997,46009,Selkirk—Interlake—Eastman,98620,MB,635293.92515499995,645103.060,101373
46010,Selkirk--Interlake--Eastman,43919.62026940000,46009,Selkirk—Interlake—Eastman,98620,MB,43919.28628980000,44295.021,101373
46011,Winnipeg Centre,28734516.79720000178,46010,Winnipeg Centre,96951,MB,31813865.08579999581,28930259.960,87499
46014,Winnipeg South Centre,46352466.34330000728,46013,Winnipeg South Centre,95882,MB,46387495.14819999784,41791149.200,94803
46014,Winnipeg South Centre,46352466.34330000728,46014,Winnipeg West,94074,MB,651344924.64800000191,4859748.282,94803
46012,Winnipeg North,37661093.63859999925,46010,Winnipeg Centre,96951,MB,31813865.08579999581,3100602.131,101221
46012,Winnipeg North,37661093.63859999925,46011,Winnipeg North,95082,MB,36377451.58659999818,34829045.680,101221
47001,Battlefords--Lloydminster,30125904969.29999923706,47001,Battlefords—Lloydminster—Meadow Lake,83248,SK,36268498660.00000000000,21122841074.000,70918
47001,Battlefords--Lloydminster,30125904969.29999923706,47013,Swift Current—Grasslands—Kindersley,75686,SK,82479869343.60000610352,9787429387.000,70918
47002,Cypress Hills--Grasslands,77831198240.00000000000,47004,Moose Jaw—Lake Centre—Lanigan,83319,SK,40909635512.50000000000,8959386362.000,68314
47002,Cypress Hills--Grasslands,77831198240.00000000000,47012,Souris—Moose Mountain,75208,SK,48634101309.69999694824,5437186303.000,68314
47002,Cypress Hills--Grasslands,77831198240.00000000000,47013,Swift Current—Grasslands—Kindersley,75686,SK,82479869343.60000610352,64097290720.000,68314
47003,Desnethé--Missinippi--Churchill River,342683927812.00000000000,47001,Battlefords—Lloydminster—Meadow Lake,83248,SK,36268498660.00000000000,16250465263.000,71488
47003,Desnethé--Missinippi--Churchill River,342683927812.00000000000,47003,Desnethé—Missinippi—Churchill River,37845,SK,311621209372.00000000000,32625519321.000,71488
47003,Desnethé--Missinippi--Churchill River,342683927812.00000000000,47005,Prince Albert,88521,SK,27771832832.79999923706,15832997056.000,71488
47004,Carlton Trail--Eagle Creek,29038282711.79999923706,47002,Carlton Trail—Eagle Creek,84111,SK,24156761961.90000152588,20147226138.000,83395
47004,Carlton Trail--Eagle Creek,29038282711.79999923706,47013,Swift Current—Grasslands—Kindersley,75686,SK,82479869343.60000610352,9545520703.000,83395
47005,Moose Jaw--Lake Centre--Lanigan,32886993268.00000000000,47002,Carlton Trail—Eagle Creek,84111,SK,24156761961.90000152588,878560921.600,80547
47005,Moose Jaw--Lake Centre--Lanigan,32886993268.00000000000,47004,Moose Jaw—Lake Centre—Lanigan,83319,SK,40909635512.50000000000,32480604767.000,80547
47006,Prince Albert,18929708472.20000076294,47002,Carlton Trail—Eagle Creek,84111,SK,24156761961.90000152588,2638264690.000,80845
47006,Prince Albert,18929708472.20000076294,47005,Prince Albert,88521,SK,27771832832.79999923706,12789324836.000,80845
47006,Prince Albert,18929708472.20000076294,47014,Yorkton—Melville,73189,SK,47161785679.50000000000,4043648183.000,80845
47008,Regina--Qu'Appelle,13429480841.00000190735,47007,Regina—Qu'Appelle,89275,SK,12672253779.39999961853,12849515351.000,78140
47008,Regina--Qu'Appelle,13429480841.00000190735,47014,Yorkton—Melville,73189,SK,47161785679.50000000000,745586843.600,78140
47009,Regina--Wascana,63345417.55629999936,47004,Moose Jaw—Lake Centre—Lanigan,83319,SK,40909635512.50000000000,9274722.236,89087
47009,Regina--Wascana,63345417.55629999936,47007,Regina—Qu'Appelle,89275,SK,12672253779.39999961853,4825214.188,89087
47009,Regina--Wascana,63345417.55629999936,47008,Regina—Wascana,89063,SK,53358316.93890000135,49920272.880,89087
47007,Regina--Lewvan,57630331.93919999897,47004,Moose Jaw—Lake Centre—Lanigan,83319,SK,40909635512.50000000000,349485.029,98492
47007,Regina--Lewvan,57630331.93919999897,47006,Regina—Lewvan,86899,SK,83836322.30149999261,53277000.840,98492
47007,Regina--Lewvan,57630331.93919999897,47007,Regina—Qu'Appelle,89275,SK,12672253779.39999961853,4630925.689,98492
47010,Saskatoon--Grasswood,342191365.85100001097,47002,Carlton Trail—Eagle Creek,84111,SK,24156761961.90000152588,295031517.000,93277
47010,Saskatoon--Grasswood,342191365.85100001097,47009,Saskatoon South,89562,SK,53125248.25349999964,54299930.470,93277
47011,Saskatoon--University,70397342.14309999347,47010,Saskatoon—University,88714,SK,70688611.83560000360,71978235.820,88348
47014,Yorkton--Melville,43280339842.00000000000,47002,Carlton Trail—Eagle Creek,84111,SK,24156761961.90000152588,796675641.300,71220
47014,Yorkton--Melville,43280339842.00000000000,47014,Yorkton—Melville,73189,SK,47161785679.50000000000,43387720184.000,71220
35027,Etobicoke Centre,39212428.05300000310,35030,Etobicoke—Lakeshore,120956,ON,49458280.79020000249,357362.159,118483
35027,Etobicoke Centre,39212428.05300000310,35029,Etobicoke Centre,125606,ON,39875821.24729999900,32576488.160,118483
35027,Etobicoke Centre,39212428.05300000310,35031,Etobicoke North,116886,ON,50909540.09770000726,1818705.932,118483
35027,Etobicoke Centre,39212428.05300000310,35122,York South—Weston—Etobicoke,111369,ON,25076224.41019999608,2633653.477,118483
35069,Nickel Belt,31025314828.50000000000,35103,Sudbury,114384,ON,997849460.18799996376,687025718.500,94947
35069,Nickel Belt,31025314828.50000000000,35104,Sudbury East—Manitoulin—Nickel Belt,99827,ON,45432669308.09999847412,29833071747.000,94947
35092,Sault Ste. Marie,8070302338.35999965668,35091,Sault Ste. Marie—Algoma,113772,ON,51608685830.09999847412,7933805779.000,79331
35106,Thunder Bay--Superior North,98618350520.80001831055,35108,Thunder Bay—Superior North,86147,ON,169756575278.00000000000,99181745590.000,83325
35028,Etobicoke--Lakeshore,53408037.79420000315,35030,Etobicoke—Lakeshore,120956,ON,49458280.79020000249,46773210.280,141751
35028,Etobicoke--Lakeshore,53408037.79420000315,35029,Etobicoke Centre,125606,ON,39875821.24729999900,4122003.792,141751
48025,Lakeland,31883010239.60000228882,48027,Lakeland,105652,AB,31773708323.79999923706,32838428498.000,105993
59013,Kamloops--Thompson--Cariboo,38320131013.30000305176,59014,Kamloops—Shuswap—Central Rockies,109218,BC,33573728928.00000000000,1632954008.000,135492
59013,Kamloops--Thompson--Cariboo,38320131013.30000305176,59015,Kamloops—Thompson—Nicola,111707,BC,50083390679.90000152588,30367521403.000,135492
59013,Kamloops--Thompson--Cariboo,38320131013.30000305176,59004,Cariboo—Prince George,117160,BC,90045729788.50000000000,7024271504.000,135492
59015,Kootenay--Columbia,64335617395.59999084473,59014,Kamloops—Shuswap—Central Rockies,109218,BC,33573728928.00000000000,24030112398.000,120759
59015,Kootenay--Columbia,64335617395.59999084473,59007,Columbia—Kootenay—Southern Rockies,117132,BC,41086322465.59999847412,41003140584.000,120759
59014,Kelowna--Lake Country,1670332072.96000003815,59016,Kelowna,105736,BC,2691999041.59999990463,238231056.000,136290
59014,Kelowna--Lake Country,1670332072.96000003815,59023,Okanagan Lake West—South Kelowna,106794,BC,2064094952.40000009537,411569671.600,136290
59014,Kelowna--Lake Country,1670332072.96000003815,59041,Vernon—Lake Country—Monashee,108606,BC,15146554439.39999961853,1032255883.000,136290
59016,Langley--Aldergrove,381717719.62599998713,59017,Langley Township—Fraser Heights,117251,BC,210880510.50199997425,177724065.000,133168
59016,Langley--Aldergrove,381717719.62599998713,59018,Mission—Matsqui—Abbotsford,118415,BC,4813755304.17000007629,24265008.690,133168
59016,Langley--Aldergrove,381717719.62599998713,59001,Abbotsford—South Langley,116265,BC,233732435.39899998903,179991788.400,133168
59017,Mission--Matsqui--Fraser Canyon,21769549792.59999847412,59015,Kamloops—Thompson—Nicola,111707,BC,50083390679.90000152588,13444737372.000,101216
59017,Mission--Matsqui--Fraser Canyon,21769549792.59999847412,59018,Mission—Matsqui—Abbotsford,118415,BC,4813755304.17000007629,4689549815.000,101216
59017,Mission--Matsqui--Fraser Canyon,21769549792.59999847412,59024,Pitt Meadows—Maple Ridge,116916,BC,2358643488.55000019073,218407976.200,101216
59017,Mission--Matsqui--Fraser Canyon,21769549792.59999847412,59005,Chilliwack—Hope,119082,BC,6954965722.88000106812,3623046957.000,101216
59018,Nanaimo--Ladysmith,2780319928.44999980927,59019,Nanaimo—Ladysmith,122857,BC,2744978692.38000011444,2747625386.000,134509
59018,Nanaimo--Ladysmith,2780319928.44999980927,59009,Courtenay—Alberni,122753,BC,12083658131.10000038147,35406479.180,134509
59019,New Westminster--Burnaby,28826314.63360000029,59002,Burnaby Central,120734,BC,38164515.75090000033,2616029.383,125253
59019,New Westminster--Burnaby,28826314.63360000029,59020,New Westminster—Burnaby—Maillardville,114665,BC,29864353.90569999814,24959219.320,125253
59019,New Westminster--Burnaby,28826314.63360000029,59037,Vancouver Fraserview—South Burnaby,117482,BC,33517602.39039999992,1298955.898,125253
59020,North Okanagan--Shuswap,16734380769.29999923706,59014,Kamloops—Shuswap—Central Rockies,109218,BC,33573728928.00000000000,8468452693.000,136520
59020,North Okanagan--Shuswap,16734380769.29999923706,59015,Kamloops—Thompson—Nicola,111707,BC,50083390679.90000152588,182646740.500,136520
59020,North Okanagan--Shuswap,16734380769.29999923706,59041,Vernon—Lake Country—Monashee,108606,BC,15146554439.39999961853,8279741850.000,136520
35029,Etobicoke North,50547451.79789999872,35029,Etobicoke Centre,125606,ON,39875821.24729999900,1317990.261,116003
35029,Etobicoke North,50547451.79789999872,35031,Etobicoke North,116886,ON,50909540.09770000726,46746921.010,116003
35030,Flamborough--Glanbrook,941159384.97599995136,35032,Flamborough—Glanbrook—Brant North,103836,ON,1166490064.06999993324,872179172.500,125692
35030,Flamborough--Glanbrook,941159384.97599995136,35037,Hamilton East—Stoney Creek,126570,ON,79687972.52529999614,15739776.780,125692
35030,Flamborough--Glanbrook,941159384.97599995136,35038,Hamilton Mountain,115634,ON,39960997.56769999862,4774548.546,125692
35031,Glengarry--Prescott--Russell,3078451369.26000022888,35088,Prescott—Russell—Cumberland,109125,ON,2478958655.13999986649,2323766498.000,116463
35031,Glengarry--Prescott--Russell,3078451369.26000022888,35102,Stormont—Dundas—Glengarry,114637,ON,3586797289.42999982834,649540290.900,116463
35033,Haldimand--Norfolk,4562549596.30000019073,35034,Haldimand—Norfolk,116706,ON,4562549595.77999973297,4311373306.000,116706
35034,Haliburton--Kawartha Lakes--Brock,8992606469.26000022888,35035,Haliburton—Kawartha Lakes,119150,ON,10379983144.39999961853,8202250315.000,122401
35034,Haliburton--Kawartha Lakes--Brock,8992606469.26000022888,35121,York—Durham,116560,ON,2326570298.46000003815,469895297.600,122401
35021,Don Valley West,31739837.57149999961,35023,Don Valley North,111122,ON,27901330.60170000046,6056303.368,101959
35021,Don Valley West,31739837.57149999961,35024,Don Valley West,120579,ON,33728539.50029999763,22434067.710,101959
35021,Don Valley West,31739837.57149999961,35111,Toronto—St. Paul's,125438,ON,16307015.94109999947,1790834.218,101959
35026,Essex,2238100537.40999984741,35028,Essex,131691,ON,2425900651.34000015259,1995508040.000,134656
35026,Essex,2238100537.40999984741,35118,Windsor—Tecumseh—Lakeshore,131097,ON,309853847.68800002337,103506923.900,134656
47012,Saskatoon West,92729164.68770000339,47002,Carlton Trail—Eagle Creek,84111,SK,24156761961.90000152588,2391367.585,87855
47012,Saskatoon West,92729164.68770000339,47011,Saskatoon West,87865,SK,108223573.27800001204,92414858.260,87855
47013,Souris--Moose Mountain,43213050775.09999847412,47012,Souris—Moose Mountain,75208,SK,48634101309.69999694824,43434428338.000,70579
35022,Dufferin--Caledon,2292853328.40000009537,35012,Brampton North—Caledon,106762,ON,159625702.89800000191,125383000.300,142838
35022,Dufferin--Caledon,2292853328.40000009537,35025,Dufferin—Caledon,120812,ON,2161482751.57999992371,2067670931.000,142838
35023,Durham,953225545.83499991894,35008,Bowmanville—Oshawa North,128534,ON,411665341.03500002623,393676900.700,150235
35023,Durham,953225545.83499991894,35121,York—Durham,116560,ON,2326570298.46000003815,518741312.200,150235
35025,Elgin--Middlesex--London,3805654192.23999977112,35059,Middlesex—London,115610,ON,3108923973.69000005722,437325454.500,126428
35025,Elgin--Middlesex--London,3805654192.23999977112,35027,Elgin—St. Thomas—London South,112448,ON,3343999194.88000011444,3155720489.000,126428
35032,Guelph,92719608.97329999506,35033,Guelph,118498,ON,68335509.03900000453,65074034.820,143740
35032,Guelph,92719608.97329999506,35115,Wellington—Halton Hills North,105468,ON,1454136222.83999991417,23209418.360,143740
35036,Hamilton East--Stoney Creek,77806341.87880000472,35036,Hamilton Centre,126188,ON,66014202.45830000937,13959302.970,112028
35036,Hamilton East--Stoney Creek,77806341.87880000472,35037,Hamilton East—Stoney Creek,126570,ON,79687972.52529999614,59893264.210,112028
35037,Hamilton Mountain,34925413.57060000300,35038,Hamilton Mountain,115634,ON,39960997.56769999862,33146896.930,107629
35038,Hamilton West--Ancaster--Dundas,109781661.54200001061,35036,Hamilton Centre,126188,ON,66014202.45830000937,2275857.745,117565
35038,Hamilton West--Ancaster--Dundas,109781661.54200001061,35039,Hamilton West—Ancaster—Dundas,120551,ON,108313652.99099999666,101935670.400,117565
35035,Hamilton Centre,48883101.29900000244,35036,Hamilton Centre,126188,ON,66014202.45830000937,46418612.290,106439
35039,Hastings--Lennox and Addington,9468138116.23999977112,35040,Hastings—Lennox and Addington—Tyendinaga,106468,ON,9664663500.95999908447,9119905875.000,100636
35040,Huron--Bruce,6267628483.22000026703,35042,Huron—Bruce,112929,ON,6267628483.50000000000,5988335976.000,112929
35042,Kenora,321632897472.00000000000,35108,Thunder Bay—Superior North,86147,ON,169756575278.00000000000,29457975711.000,64261
35042,Kenora,321632897472.00000000000,35044,Kapuskasing—Timmins—Mushkegowuk,93948,ON,276430613805.00000000000,3548895808.000,64261
35042,Kenora,321632897472.00000000000,35045,Kenora—Kiiwetinoong,61962,ON,289400308615.00000000000,29656923465.000,64261
35043,King--Vaughan,449368598.84799998999,35106,Thornhill,124866,ON,70230071.62649999559,4204583.382,147695
35043,King--Vaughan,449368598.84799998999,35047,King—Vaughan,124401,ON,485245013.88899999857,416898802.200,147695
35043,King--Vaughan,449368598.84799998999,35113,Vaughan—Woodbridge,121705,ON,92268097.63899999857,8486805.064,147695
35051,London--Fanshawe,124238758.40199999511,35059,Middlesex—London,115610,ON,3108923973.69000005722,8547922.022,127068
35051,London--Fanshawe,124238758.40199999511,35054,London—Fanshawe,126286,ON,115217439.36499999464,109090939.800,127068
35053,London West,82487549.54219999909,35059,Middlesex—London,115610,ON,3108923973.69000005722,9031217.199,139305
35053,London West,82487549.54219999909,35053,London Centre,126597,ON,52778165.48680000752,5943354.307,139305
35053,London West,82487549.54219999909,35055,London West,114374,ON,66680659.05379999429,63115697.440,139305
35054,Markham--Stouffville,298990230.43900001049,35056,Markham—Stouffville,120845,ON,82518617.31970000267,76682401.300,135944
35054,Markham--Stouffville,298990230.43900001049,35057,Markham—Thornhill,111087,ON,61572982.96949999779,16835302.510,135944
35054,Markham--Stouffville,298990230.43900001049,35121,York—Durham,116560,ON,2326570298.46000003815,192459338.600,135944
35080,Oxford,2384545274.19999980927,35083,Oxford,121781,ON,2164451156.82999992371,2051940510.000,124790
35080,Oxford,2384545274.19999980927,35015,Brantford—Brant South—Six Nations,121511,ON,956839390.98700010777,208529555.000,124790
35081,Parkdale--High Park,16904346.24320000038,35105,Taiaiako'n—Parkdale—High Park,117873,ON,19680969.52430000156,16092291.240,106750
35024,Eglinton--Lawrence,23756974.05849999934,35026,Eglinton—Lawrence,115832,ON,23756973.33219999820,22662896.240,115832
35082,Parry Sound--Muskoka,19893938703.70000076294,35084,Parry Sound—Muskoka,104504,ON,19902485652.59999847412,19300523321.000,104494
35083,Perth--Wellington,3781964124.61000013351,35085,Perth—Wellington,113929,ON,3781910675.04999971390,3604291522.000,113910
35084,Peterborough--Kawartha,3472340642.71999979019,35086,Peterborough,128349,ON,2183082099.63999986649,1533672277.000,125478
35084,Peterborough--Kawartha,3472340642.71999979019,35035,Haliburton—Kawartha Lakes,119150,ON,10379983144.39999961853,1808120774.000,125478
35085,Pickering--Uxbridge,688472469.22399997711,35087,Pickering—Brooklin,122430,ON,307233373.33899998665,235023687.300,120742
35085,Pickering--Uxbridge,688472469.22399997711,35121,York—Durham,116560,ON,2326570298.46000003815,423883878.800,120742
35086,Renfrew--Nipissing--Pembroke,12778428998.40000152588,35002,Algonquin—Renfrew—Pembroke,107420,ON,12778428998.89999771118,12422753298.000,107420
35041,Kanata--Carleton,830437545.15100014210,35020,Carleton,124416,ON,1988636871.29999995232,646119066.200,116651
35041,Kanata--Carleton,830437545.15100014210,35043,Kanata,121458,ON,232544937.54100003839,158913356.300,116651
35044,Kingston and the Islands,682621775.37999999523,35046,Kingston and the Islands,134415,ON,981366187.90299987793,654394383.000,126106
35087,Richmond Hill,41841033.36739999801,35089,Richmond Hill South,124748,ON,46518700.58359999210,39971646.600,114180
35088,Carleton,1229001931.90000009537,35080,Ottawa South,126791,ON,99836375.58599999547,31770499.290,131375
35088,Carleton,1229001931.90000009537,35020,Carleton,124416,ON,1988636871.29999995232,1145105392.000,131375
35088,Carleton,1229001931.90000009537,35043,Kanata,121458,ON,232544937.54100003839,12326073.810,131375
35089,St. Catharines,88594772.01850000024,35072,Niagara West,112065,ON,1205063069.06999993324,2923520.716,114782
35089,St. Catharines,88594772.01850000024,35101,St. Catharines,119873,ON,96050068.29620000720,81139779.520,114782
35046,Kitchener--Conestoga,948747369.88800013065,35049,Kitchener—Conestoga,112953,ON,950635624.94500017166,903005486.500,107134
35047,Kitchener South--Hespeler,111414651.22699999809,35050,Kitchener South—Hespeler,119851,ON,111414651.53900001943,105958039.300,119851
35048,Lambton--Kent--Middlesex,6034426065.28000068665,35059,Middlesex—London,115610,ON,3108923973.69000005722,2473562607.000,111242
35048,Lambton--Kent--Middlesex,6034426065.28000068665,35090,Sarnia—Lambton—Bkejwanong,128154,ON,4172614244.88999986649,2200910526.000,111242
35048,Lambton--Kent--Middlesex,6034426065.28000068665,35021,Chatham-Kent—Leamington,134226,ON,4158021654.80999994278,1031271700.000,111242
35049,Lanark--Frontenac--Kingston,7323169946.01000022888,35051,Lanark—Frontenac,103120,ON,7024640696.44999980927,6778167794.000,111424
35049,Lanark--Frontenac--Kingston,7323169946.01000022888,35046,Kingston and the Islands,134415,ON,981366187.90299987793,286760783.000,111424
35045,Kitchener Centre,43860308.99669999629,35049,Kitchener—Conestoga,112953,ON,950635624.94500017166,1856428.913,113452
35045,Kitchener Centre,43860308.99669999629,35048,Kitchener Centre,113404,ON,51486628.33990000933,39869628.020,113452
35050,Leeds--Grenville--Thousand Islands and Rideau Lakes,3897851916.76000022888,35052,Leeds—Grenville—Thousand Islands—Rideau Lakes,104075,ON,3897880741.61999988556,3753989261.000,104070
35090,Toronto--St. Paul's,13757432.05189999938,35022,Davenport,125048,ON,15349833.11999999918,736123.079,116953
35090,Toronto--St. Paul's,13757432.05189999938,35111,Toronto—St. Paul's,125438,ON,16307015.94109999947,12384060.160,116953
35091,Sarnia--Lambton,1845070986.84999990463,35090,Sarnia—Lambton—Bkejwanong,128154,ON,4172614244.88999986649,1745271728.000,107077
35093,Scarborough--Agincourt,22412875.08009999990,35092,Scarborough—Agincourt,123969,ON,27827479.76729999855,21397542.740,104423
35052,London North Centre,62914587.80889999121,35059,Middlesex—London,115610,ON,3108923973.69000005722,15550496.320,138255
35052,London North Centre,62914587.80889999121,35053,London Centre,126597,ON,52778165.48680000752,44035420.690,138255
35055,Markham--Thornhill,43950605.11760000139,35057,Markham—Thornhill,111087,ON,61572982.96949999779,41975678.600,97510
35094,Scarborough Centre,29544027.44390000030,35097,Scarborough—Woburn,110589,ON,25394507.53790000081,10378412.100,113104
35094,Scarborough Centre,29544027.44390000030,35093,Scarborough Centre—Don Valley East,111377,ON,31186918.21220000088,17812150.610,113104
35095,Scarborough--Guildwood,27855267.88129999861,35094,Scarborough—Guildwood—Rouge Park,114100,ON,64447776.19510000944,10732494.280,103449
35095,Scarborough--Guildwood,27855267.88129999861,35097,Scarborough—Woburn,110589,ON,25394507.53790000081,13857405.490,103449
35095,Scarborough--Guildwood,27855267.88129999861,35096,Scarborough Southwest,123232,ON,34199505.31930000335,1995154.412,103449
35096,Scarborough North,31870762.37220000103,35095,Scarborough North,116177,ON,36202927.92989999801,30431000.800,94717
35076,Orléans,218124461.55700004101,35077,Orléans,126918,ON,74206502.08009999990,71997973.200,139309
35076,Orléans,218124461.55700004101,35081,Ottawa—Vanier—Gloucester,126999,ON,56558748.91889999807,9860881.236,139309
35076,Orléans,218124461.55700004101,35088,Prescott—Russell—Cumberland,109125,ON,2478958655.13999986649,80857309.010,139309
35076,Orléans,218124461.55700004101,35020,Carleton,124416,ON,1988636871.29999995232,48812041.420,139309
35077,Ottawa South,75973451.40549999475,35079,Ottawa Centre,126560,ON,41978012.49899999797,8468839.304,125090
35077,Ottawa South,75973451.40549999475,35080,Ottawa South,126791,ON,99836375.58599999547,64995800.660,125090
35098,Scarborough Southwest,32181526.13470000029,35096,Scarborough Southwest,123232,ON,34199505.31930000335,30580334.330,111994
35097,Scarborough--Rouge Park,57411699.84540000558,35094,Scarborough—Guildwood—Rouge Park,114100,ON,64447776.19510000944,50679308.660,102254
35097,Scarborough--Rouge Park,57411699.84540000558,35095,Scarborough North,116177,ON,36202927.92989999801,4136376.113,102254
35099,Simcoe--Grey,2831903648.82000017166,35069,New Tecumseth—Gwillimbury,119358,ON,754077333.81599998474,274783318.600,151784
35099,Simcoe--Grey,2831903648.82000017166,35098,Simcoe—Grey,107836,ON,2544908158.55999994278,2445150294.000,151784
35100,Simcoe North,3310422028.62000036240,35005,Barrie—Springwater—Oro-Medonte,115495,ON,1365505029.49000000954,311523737.500,120656
35100,Simcoe North,3310422028.62000036240,35099,Simcoe North,112022,ON,2977990247.86999988556,2869204992.000,120656
35101,Spadina--Fort York,21891200.45479999855,35022,Davenport,125048,ON,15349833.11999999918,193326.372,136213
35101,Spadina--Fort York,21891200.45479999855,35100,Spadina—Harbourfront,105739,ON,18841649.03779999912,17823415.620,136213
35101,Spadina--Fort York,21891200.45479999855,35105,Taiaiako'n—Parkdale—High Park,117873,ON,19680969.52430000156,391049.314,136213
35101,Spadina--Fort York,21891200.45479999855,35110,Toronto—Danforth,105472,ON,27845251.58549999446,170439.402,136213
35101,Spadina--Fort York,21891200.45479999855,35109,Toronto Centre,121703,ON,6735959.43766000029,677363.614,136213
35101,Spadina--Fort York,21891200.45479999855,35112,University—Rosedale,123812,ON,14514049.33410000056,1609756.489,136213
35102,Stormont--Dundas--South Glengarry,2916627825.61000013351,35102,Stormont—Dundas—Glengarry,114637,ON,3586797289.42999982834,2820142612.000,104493
35103,Sudbury,977303960.70099997520,35103,Sudbury,114384,ON,997849460.18799996376,290232067.600,95537
35103,Sudbury,977303960.70099997520,35104,Sudbury East—Manitoulin—Nickel Belt,99827,ON,45432669308.09999847412,666180693.900,95537
35105,Thunder Bay--Rainy River,40334167388.19999694824,35107,Thunder Bay—Rainy River,82357,ON,40065429267.09999847412,40005036143.000,82357
35105,Thunder Bay--Rainy River,40334167388.19999694824,35108,Thunder Bay—Superior North,86147,ON,169756575278.00000000000,270381939.700,82357
35078,Ottawa--Vanier,46709152.24780000001,35081,Ottawa—Vanier—Gloucester,126999,ON,56558748.91889999807,45004538.770,118806
35078,Ottawa--Vanier,46709152.24780000001,35088,Prescott—Russell—Cumberland,109125,ON,2478958655.13999986649,299556.552,118806
35079,Ottawa West--Nepean,92543891.30379998684,35067,Nepean,122229,ON,85630825.00390000641,1118734.787,116409
35079,Ottawa West--Nepean,92543891.30379998684,35082,Ottawa West—Nepean,128592,ON,60665238.48269999772,52969448.600,116409
35079,Ottawa West--Nepean,92543891.30379998684,35043,Kanata,121458,ON,232544937.54100003839,35570092.250,116409
35104,Thornhill,65952760.33630000055,35106,Thornhill,124866,ON,70230071.62649999559,62856033.420,115292
35107,Timmins--James Bay,251639152544.99996948242,35073,Nipissing—Timiskaming,98237,ON,19212007990.70000076294,3738412000.000,80785
35107,Timmins--James Bay,251639152544.99996948242,35108,Thunder Bay—Superior North,86147,ON,169756575278.00000000000,24447675916.000,80785
35107,Timmins--James Bay,251639152544.99996948242,35044,Kapuskasing—Timmins—Mushkegowuk,93948,ON,276430613805.00000000000,22812991240.000,80785
35108,Toronto Centre,6161115.66865000036,35100,Spadina—Harbourfront,105739,ON,18841649.03779999912,134895.169,119901
35108,Toronto Centre,6161115.66865000036,35109,Toronto Centre,121703,ON,6735959.43766000029,5397836.788,119901
35108,Toronto Centre,6161115.66865000036,35112,University—Rosedale,123812,ON,14514049.33410000056,341192.399,119901
35109,Toronto--Danforth,27666164.68969999999,35110,Toronto—Danforth,105472,ON,27845251.58549999446,26376694.700,105472
35110,University--Rosedale,14275079.80969999917,35111,Toronto—St. Paul's,125438,ON,16307015.94109999947,1376973.026,106216
35110,University--Rosedale,14275079.80969999917,35109,Toronto Centre,121703,ON,6735959.43766000029,346743.720,106216
35110,University--Rosedale,14275079.80969999917,35112,University—Rosedale,123812,ON,14514049.33410000056,11887465.090,106216
